entity,type
1. Weltkrieg,MISC
10 Jahre älter,MISC
100 Jahre Stadttheater,MISC
62er Jahr,MISC
ALLERERSTEN,ORG
ALLES,ORG
AUGE,ORG
Aarau,LOC
Aargauer Tagblatt,ORG
Abonnement,DANC
Addis Abeba,LOC
Afrika,LOC
Afrikanern,LOC
Agon,MISC;PER
Akrobatik,STYL
Akt,DANC
Akzent,DANC
Alain Bernard,PER
Alain Platel,PER
Alberto Rossi,PER
Albisgüetli,LOC
Alexander Puschkin,PER
Alexei Ratmansky,PER
Alfred A. Häsler,PER
Alias,MISC
Alwin Nikolais,PER
Amerika,LOC
Anfang,PROC
Ankündigung,JOUR
Anm,LOC;PER
Ann Hutchinson Guest,PER
Anna Huber,PER
Anne Collod,PER
Anne Woolliams,PER
Annemarie Sutter,PER
Annette Ringier,PER
Anschluss,MISC
Antarktis,LOC
Antony Tudor,PER
Antriebslehre,DANC
Apollon Musagète,PER
Appenzell,LOC
Appenzeller-Kind,ORG
Arabeske,DANC
Arabesque,DANC
Ararat,LOC
Architektur,STYL
Archiv,JOUR
Archivkisten,JOUR
Arm,BODY
Arman Grigoryan,PER
Armenien,LOC
Armgeste,DANC
Arthur Honegger,PER
Artikel,JOUR
Ashton-Material,MISC
Auffüh-,DANC
Aufführung,DANC
Auflagezahlen,MISC
Aufm PC,JOUR
Auftritt,DANC
Augen,BODY
Aughterlony,ORG
August Bournonville,PER
Aula Rämibühl,LOC
Ausbildung,PROC
Ausdruck,DANC
Ausdruckstanz,STYL
Ausdruckstanzbereich,STYL
Ausdruckstanzes,STYL
Ausdruckstänzerin,STYL
Ausdruckstänzerische,MISC
Ausdruckstänzern,MISC
Auslastungszahlen,MISC
Ausnahme-Männer,MISC
Ausstattung,DANC
Ausstellung,JOUR
BA,ORG
BEIDE,ORG
Babel,MISC
Bacharbeiten,WORK
Bad Ragaz,LOC
Baden Baden,LOC
Baden-Baden,LOC
Balance,DANC
Balanchine,MISC;PER
Balanchine-Ballettführer,MISC
Balanchine-Trust,MISC
Balanchine-Werke,ORG
Ballerina,DANC
Ballet C de la B,ORG
Ballet Jooss,ORG;PER
Ballet du Rhin,LOC
Ballets Russes-Schiene,ORG
Ballets Russesda,ORG
Ballett,STYL
Ballett Zürich,LOC
Ballett-Abend,MISC
Ballett-Mädchen,MISC
Ballettabenden,ORG
Ballettchef,DANC
Ballettchefs,ORG
Balletteinlage,DANC
Ballettgastspiele,MISC
Ballettleiter,DANC
Ballettmeister,DANC
Ballettschule Zürich,ORG
Ballonné,DANC
Ballotté,DANC
Barbara,WORK
Barock,STYL
Barockensemble,DANC
Basel,LOC;ORG
Basic Food,MISC
Bauch,BODY
Bauernleuten,MISC
Bayadère,WORK
Bea,MISC;PER
Beatrix Tschumi,PER
Beethoven-Violinkonzert,WORK
Bein,BODY
Belinda Wright,PER
Ben Iida,PER
Beobachtest du bei dir,MISC
Bergen,LOC
Bergsteiger-Familie,MISC
Berlin,LOC
Bern,LOC
Bernd Bienert,PER
Berner Zeitung,ORG
Berthe Trümpy,PER
Berufstänzer,MISC;PER
Bewegung,DANC
Bewegungsmaterial,DANC
Beziehungen,DANC
Bibel,MISC
Bibliografie,JOUR
Bibliothek,JOUR
Biel,LOC
Bienert hast du da,MISC
Bienertist,MISC
Billetts,DANC
BirdLife Schweiz,ORG
Bist du,MISC
Bleiben,MISC
Bleiwüste,JOUR
Blog,JOUR
Bolschoi,LOC
Bolschoi-Ballett,MISC
Bonobos,MISC
Boris Jelzin,PER
Borneo,LOC
Botvinov,LOC
Bournonville-Spezialist,MISC
Bournonville-Tradition,MISC
Brandenburg,LOC
Bregenz,LOC
Brenaa,LOC;PER
Brighton,LOC
Brigitta Luisa Merki,PER
Brigitte Hamann,PER
Broadway,LOC
Broschüre,JOUR
Bubenklasse,MISC
Buch,STYL
Buchbesprechung,JOUR
Buchegg,LOC
Busch,LOC
Buschspital,LOC
Béjart-Ballett Lausanne,MISC
Béla Bartók,PER
Börlin,ORG;PER
Bühne,DANC
Bühnenarbeiten,ORG
Bühnenbild,DANC
Bühnenstudio,LOC
Bühnentechnik,DANC
Bühnenunfall,DANC
Bündnerland,LOC
CH-Tanztheater,ORG
CHF,MISC
Cabaret Voltaire,MISC
Café Müller,LOC;MISC
Carnegie Hall,LOC
Catana,MISC;ORG
Cathy Sharp,PER
Charakter,DANC
Charaktertanz,STYL
Charaktertänze,STYL
Charaktertänzern,MISC
Charisma,DANC
Charlotte Bara,PER
Chile,LOC
Chiton,MISC
Chladek,LOC;PER
Chladek-Technik,MISC
Chnorz,JOUR
Chopiniana,MISC
Choreo- grafie-Wettbewerb 1932,MISC
Choreografie,PROC
Choreografie-Wettbewerb,MISC
Choreutik,DANC
Christian Spuck,PER
Christina Thurner,PER
Christine Merz,PER
Christoph Willibald Gluck,PER
Chruschtschow-Rede,MISC
Chur,LOC
Cinderella,WORK
Claude Perrottet,PER
Claudia Jeschke,PER
Claudia Rosiny,PER
Clotilde von Derp,PER
Coach,DANC
Collagen,STYL
Computer,JOUR
Concerto Barocco,WORK
Corps,ORG
Corps de Ballet,ORG
Corps de Ballet-Tänzer,ORG
Corsaire,WORK
Corso,LOC
Così fan tutte,WORK
Cranko-Festival,MISC
DA,ORG
DADA,STYL
DANN,MISC;ORG
DEIN Tanzerbe,MISC
DEM,MISC
DER,MISC
DIE,MISC
DORT,MISC
DVD,JOUR
Dada,STYL
Dada-Abenden,ORG
Dada-Bewegung,ORG
Dadaismus,STYL
Dadakostüme,STYL
Dalcroze,LOC;PER
Dalcroze-Institut,LOC
Daran musst du dich,MISC
Dartington Hall,LOC
Das Schlimme,MISC
David Bowie,PER
Der Bienert,MISC
Der Feuervogel,WORK
Der Nussknacker,WORK
Der Rosen,MISC
Der Schwarzen Spinne,WORK
Der Tag,MISC
Der Verlorene Sohn,WORK
Der schwarzen Spinne,WORK
Der sterbende Schwan,WORK
Descombey,LOC;PER
Desdemona,MISC
Deutsch,MISC
Deutsches,MISC
Deutschland,LOC
Deutschland-Tournee,LOC
Deutschschweiz,LOC
Diaghilev,MISC
Die Dame und das Einhorn,WORK
Die Kritikerin und der Künstler?,MISC
Die Schöpfung,WORK
Dieter Ammann,PER
Dietlikon,LOC
Direktor,DANC
Dirigent,DANC
Diskrepanz,DANC
Divertissement,DANC
Don Juan,WORK
Don Quichote,WORK
Don Quijote,WORK
Dore Hoyer,PER
Doris Catana,PER
Dornröschen,WORK
Doug Fullington,PER
Drama,STYL
Dramatik,DANC
Dreckstrassen,LOC
Dreiertakt,LOC
Dreiländereck,LOC
Dresden,LOC
Drese,LOC;PER
Drum bin ich froh,MISC
"Du archivierst alles, was du schreibst und liest",MISC
Du bist,MISC
Du bist Ballettexpertin,MISC
Du da,MISC
Du da nicht Lust – also Lust hast Du,MISC
Du freust dich,MISC
"Du hast ""Shortpieces",MISC
Du hast in deinem Leben,MISC
Du hast ja,MISC
Du jetzt,MISC
Du plädierst also,MISC
Du schreibst mir,MISC
Du schreibst nicht,MISC
Du tanzt,MISC
Du was meinst du,MISC
Durban,LOC
Dussia Bereska,PER
Dynamik,DANC
Düsseldorf,LOC
E. T. A. Hoffmann,PER
E. T. A. Hofmann,PER
EHER,ORG
EIGENEN,MISC
EIN Buch,MISC
EINMAL,ORG
ER,MISC;PER
EXTREM,MISC
East London,LOC
Eben,LOC
Edgar Degas,PER
Edith Carola,PER
Edith Piaf,PER
Ein Autogramm von Nurejew,MISC
Eindrückliches,MISC
Einfach,LOC;MISC
Einfluss,DANC
Einführungsmatinéen,ORG
Einheit,DANC
Einleitung,DANC
Einstudieren,PROC
Einstudierungen,MISC
Eisberg,MISC
Ekstasetechnik,DANC
Elena Vostrotina,PER
Elfriede Jelinek,PER
Elisabeth von Österreich,PER
Ellen Widman,PER
Elsa Cavelti,PER
Elvis Presley,PER
Emil Staiger,PER
Emmy Hennings,PER
Emotionen,DANC
Energie,DANC
England,LOC
Englisch,MISC
Engländer,LOC
Enrico Cecchetti,PER
Ensemble,DANC
Entwurf,PROC
Epaulement,DANC
Erfülltheit,DANC
Erika Ackermann,PER
Erika Schneiter,PER
Ernst Mohr,PER
Ersten Weltkrieg,MISC
Erwin Schumann,PER
Erzählen,DANC
Essen,LOC
Ethan,MISC
Etienne Frey,PER
Etüden,DANC
Eugène Ionesco,PER
Eukinetik,DANC
Evdokimova,LOC
Eveline,LOC;PER
Evelyn Klöti,PER
Evelyn Rigotti,PER
Excelsior,WORK
Exotik,DANC
FANTASTISCH,ORG
Fakten,JOUR
Falco Kapuste,PER
Faschismus,ORG
Fassung,PROC
Faun,MISC
Faust,MISC
Fax,JOUR
Feedback,PROC
Felix Falkner,PER
Felix Mendelssohn,PER
Ferdinand Hodler,PER
Fest der brennenden Hütte,MISC
Festival,DANC
Festspiele,DANC
Feuervogel,WORK
Feuilleton,JOUR
Feuilleton-Redakteuren,MISC
Fibonacci-Reihen,ORG
Fibonacci-Zahlenreihe,MISC
Fidaz,LOC
Figur,DANC
Filature,LOC;PER
Film,STYL
Filmdokumenten,MISC
Finanzen,DANC
Finger,BODY
Fjodor Schaljapin,PER
Flamenco,STYL
Flexibilität,DANC
Fliegen,DANC
Fliesst,ORG
Flims,LOC
Flow,DANC
Flötenkonzerte,MISC
Fokine,PER
Folklore,STYL
Folkwang Hochschule,ORG
Folkwang Schule,ORG
Fonteyn,ORG
Forellenquintett,MISC
Forsythe-Sachen,MISC
Foto,STYL
Fouettés,DANC
Four Wheel Drive,MISC
Franken,DANC
Frankfurt,LOC
Frankfurt am Main,LOC
Frankfurter Theater,LOC
Frankreich,LOC
Frans de Waal,PER
Franz Schubert,PER
Frederick Ashton,PER
Freudenberg,LOC
Freundschaft,DANC
Frieden,MISC
Friedrich Glauser,PER
Friesenberg,LOC
Frédéric Chopin,PER
Fumi Matsuda,PER
Fusion,DANC
Fuss,BODY
Fördergelder,DANC
Füssen,LOC
GANZ,ORG
GANZ Grosses,ORG
GANZE,MISC
GENAU,ORG
GENIAL,MISC
GERÜHRT,ORG
Gabriel Popescu,PER
Gabriele Brandstetter,PER
Gabriella Komleva,PER
Gabun,LOC
Gaga-Technik,ORG
Gastchoreograf,DANC
Gastspiel,DANC
Gasttänzern,ORG
Gaye Fulton,PER
Gedichte,STYL
Gefühl,DANC
Gefühl Richard,MISC
Gegenlesen,JOUR
Gelenk,BODY
Gemälde,STYL
Gender,DANC
Gendertheorien,DANC
Generalstreik 1918,MISC
Genf,LOC
Genfer,LOC;MISC
Genfersee,LOC
Geoffrey Cauley,PER
Geometrie,DANC
Georg-Friedrich Händel,PER
George Balanchine,PER
George W. Bush,PER
Georgien,LOC
Gerald Siegmund,PER
Gergiev,ORG;PER
Geschichte,DANC
Gesellschaftstanz,STYL
Gessnerallee,LOC
Gestalt,BODY
Geste,BODY
Giessen,LOC
Gilgamesch,PER
Giselle,WORK
Giuseppe Verdi,PER
Glarnerland,LOC
Goethe,PER
Goldberg-Variationen,WORK
Goslar,LOC
Gottfried Keller,PER
Gottfried Stutz,PER
Graham-,MISC
Grand Ballet,LOC
Grete Müller,PER
Griechen,MISC
Grock,PER
Groote Schuur Hospital,LOC
Grossartiges,MISC
Grosse Oper,LOC
Grossvater Weihnachtslieder,MISC
Grundschritte,DANC
Grüne Tisch,WORK
Grünen Tisch,ORG
Gsovsky,MISC
Gulda ́s Cellokonzert,PER
Gymiklasse,MISC
Gymnastik,STYL
Göbekli Tepe,PER
HAST,MISC
Haare,BODY
Hagia Sofia,LOC
Hagia Sophia,LOC
Halbspitze,BODY
Hallenstadion,LOC
Haltung,DANC
Hamburg,LOC
Hand,BODY
Handlung,DANC
Handlungsballett,DANC
Handwerk,DANC
Hannover,LOC
Hans Brandenberg,PER
Hans Herter,PER
Hans Macke,PER
Hans Meister,PER
Hans Werner Henze,PER
Hans Züllig,PER
Hard Disc,MISC
Hasler,LOC;PER
Hast Du,MISC
Hast du,MISC
Hast du das Gefühl,MISC
Hast du jetzt,MISC
Hauptmotiv,DANC
Haus an der Bautznerstrasse,LOC
Hedwig Müller,PER
Heidi Greco,PER
Heidi Meier,PER
Heinz Rosen,PER
Heinz Rosen–Block,PER
Heinz Spoerli,PER
Hellerau,LOC
Herisau,LOC
Herrliberg,LOC
Hierarchie,DANC
Hilde Baumann,PER
Hilde Welti,PER
Hin-und-herreisen,MISC
Hochdeutsch,MISC
Hohe Gasse,LOC
Hohe Promenade,LOC
Hombrechtikon,LOC
Hommage,DANC
Honorar,DANC
Horst Koegler,PER
Hotzenköcherle,MISC
Hutchinson,PER
Hutchinson-Guest,PER
I: Kannst Du,MISC
I: Meinst du,ORG
I: Schön,MISC
ICH,MISC
IG Tanz,ORG
IHN,MISC
IMMENS,MISC
IMMER,ORG
IRGENDWO,ORG
IST,ORG
Ich mag mich,MISC
Ich suche lieber etwas,MISC
Idee,DANC
Identität,DANC
Idi Amin,PER
Ikarus,MISC
Ikosaeder,MISC
Impekoven 90 Jahre alt geworden,MISC
Improvisation,DANC
Individuum,DANC
Inszenierung,DANC
Intendant,DANC
Internet,MISC
Interpretation,DANC
Interview,JOUR
Irak,LOC
Iran,LOC
Irene Steiner,PER
Irland,LOC
Isadora Duncan,PER
Island,LOC
Israel,LOC
JEDEM,MISC
JEDER,MISC;ORG
JETZT,MISC
Ja,LOC;MISC
Ja und du hast,MISC
Ja! I,ORG
Jacques Dalcroze,PER
Jahr 1919,MISC
Jahr 1962,MISC
Jahr 2000,MISC
Jahr 55,MISC
Jahrbuch,JOUR
Jahreszeitenfehen,MISC
James McCracken,PER
Jaques-Dalcroze,LOC
Jardin animé,LOC
Jaroslav Berger,PER
Jasin,MISC
Jazztanz-Stunden,MISC
Jean Cébron,PER
Jean Nouvel,PER
Jean-Georges Noverre,PER
Jean-Pierre Pastori,PER
Jelko Yuresha,PER
Jelmoli,ORG
Jerome Robbins,PER
Jeté,DANC
Jitka,LOC
Jiří Kylián,PER
Job,PROC
Jochen Schmidt,PER
Joffrey Ballet,ORG
Johann Wolfgang von Goethe,PER
Johannes Schmid,PER
Johannesburg,LOC
John Cage,PER
John Cranko,PER
John Geissler,PER
Jooss-Programm,MISC
Jooss-Tänzer,MISC
Jooss-Werke,WORK
Jordanien,LOC
Joseph Brodsky,PER
Joseph Haydn,PER
Journalismus,JOUR
Jo’burg,PER
Juch,MISC
Jude,MISC
Juden,MISC
Julia,MISC;PER
Julia Marcus,PER
Julia“,PER
Juni-Festwochen,MISC
Jupiter Symphonie,MISC
Juri Ackermann,PER
Jérôme Bel,PER
Jürg Burth,PER
Jürg Pellaton,PER
K,MISC;PER
K/,MISC
K/R,MISC
KLEINE Fotos,MISC
KV,ORG
Kairo,LOC
Kamerun,LOC
Kandaurova,LOC
Kannst Du,MISC
Kannst Du mal,MISC
Kannst du,MISC
Kannst du dich,MISC
Kannst du dich da erinnern?,MISC
Kannst du mir Richard Merz,MISC
Kannst du vielleicht,MISC
Kantilene,DANC
Kantonsschule,MISC
Kantonsschule Hohe Promenade,ORG
Kapstadt,LOC
Karte,DANC
Kaspar Kasics,PER
Katja Wulff,PER
Keersmaeker,LOC;PER
Kelepovska,LOC
Kenneth Archer,PER
Kennst du,MISC
Khartum,LOC
Kinderauftritt,DANC
Kinderbekommen,BODY
Kinderkonzert,DANC
Kindervorstellung,DANC
Kino,STYL
Kirche,ORG
Kirov,LOC
Klassik,STYL
Klassiker,STYL
Klassiker-Inszenierungen,LOC;MISC
Kloten,LOC
Knie,BODY
Knochen,BODY
Knust,ORG;PER
Kobborg,LOC
Kollaboration,PROC
Kommission,ORG
Kommst du mit mir in ‚Die Schöpfung,MISC
Komplexität,DANC
Komposition,DANC
Kongo,LOC
Kongo-Brazzaville,LOC
Konzept,DANC
Konzepttanz,STYL
Koordination,DANC
Kopenhagen,LOC
Kopf,BODY
Korrektur,JOUR
Kostüm,DANC
Krasovskaja,LOC
Kreisformationen,MISC
Kreta,LOC
Kreutzberg,LOC;PER
Kreuzplatz,LOC
Krieg,MISC
Kriegsausbruch,MISC
Kriegsbeginn,MISC
Kritik,JOUR
Kritikerinnen-Pausengespräche,ORG
Kulturabteilung,JOUR
Kulturmanagement,ORG
Kunsthaus,LOC
Kunsthaus Heimplatz,LOC
Kunsthaus Stunden,LOC
Kunstwerk,WORK
Kurt Fröhlich,PER
Kurt Jooss,PER
Kylián,ORG;PER
KÖNNEN,DANC
Köln,LOC
Königsfelder Festspielen,ORG
Können,DANC
Körper,BODY
L'après-midi,WORK
L'après-midi d'un faune,WORK
LAUT,ORG
La Bayadère,WORK
La Sylphide,WORK
La Vivandière,WORK
La fille mal gardée,WORK
La vie en rose,WORK
Laban-Brief,MISC
Laban-Frauen,LOC;MISC
Laban-Leute,MISC
Laban-Schule,ORG
Laban-Schüler,MISC
Laban-Spektakel,ORG
Labanotation,LOC;MISC;PER
Lac Léman,LOC
Laientheater,STYL
Landbote,JOUR
Landboten-Leser,JOUR
Landesausstellung,MISC
Landesbibliothek,ORG
Laszlo Seregi,PER
Latein,MISC
Lausanne,LOC
Lausanner,LOC
Laxenburg,LOC
Le Corsaire,WORK
Le Sacre du Printemps,WORK
Lebenslauf,JOUR
Leeder-Ausstellung,ORG
Leeder-Nachlass,MISC
Leeder-Schülern,LOC
Legi,MISC
Lehre,PROC
Leipzig,LOC
Leistung,DANC
Leningrad,LOC
Les Biches,LOC
Lesebuch,JOUR
Lesotho,LOC
Lexika-Artikel,MISC
Lexikon,JOUR
Libretto,DANC
Liebe Ursula,MISC
Lilac Garden,LOC
Lilo Weber,PER
Lisa Stutz,PER
Lisa Ullmann,PER
Liska,MISC
Literatur,STYL
Literaturgeschichte,JOUR
Liz King,PER
Lokalsport,JOUR
London,LOC
Londoner,MISC
Loïe Fuller,LOC;PER
Ludwig II von Bayern,PER
Ludwig van Beethoven,PER
Luther,MISC
Luzern,LOC
Lynn Seymour,PER
Lübeck,LOC
L’après-midi d’un faune,MISC
MAN,ORG
MANN,MISC
MEHR,ORG
MIR,MISC
MIZ,ORG
MUSIK,STYL
MUSS,ORG
Machalina,LOC
Machst du,MISC
Machst du keine Disposition,MISC
Madge,WORK
Maguy Marin,MISC
Mailand,LOC
Mainz,LOC
Mainzer,MISC
Maja Lederer,PER
Makarova,MISC
Malachov,LOC
Maler,DANC
Mallorca,LOC
Manier,DANC
Mappen,JOUR
Mara Jovanovits,PER
Marbach,LOC
Marc Wuest,PER
Marco Goecke,PER
Margit Huber,PER
Margot Fonteyn,PER
Maria Piltz,PER
Marianne Forster,PER
Marie Rambert,PER
Mariette von Meyenburg,PER
Mariinski,ORG
Mariinski Ballett,ORG
Mariinski-Ballett,ORG
Mariinski-Palais,LOC
Mariinsky,MISC
Mariinsky II,MISC
Mariinsky-Ballett,LOC
Mario Botta,PER
Mario Volkart,PER
Marius Petipa,PER
Marlies Strech,PER
Marschmusik,STYL
Martha Graham,PER
Martin Schläpfer,PER
Martine Parmain,PER
Mary Wigman,PER
Mary-Wigman-Schule,LOC
Masuren,LOC
Mats Ek,PER
Matthäus-Passion,WORK
Maurice Béjart,PER
Max Pfister-Terpis,PER
Maya Kübler,PER
Mediathek Tanz,ORG
Mein Freund,MISC
Meine Gotte,MISC
Meisterwerk,DANC
Menstruation,BODY
Menuett,STYL
Merce Cunningham,PER
Methoden,DANC
Mexiko,LOC
Mhm,MISC
Mich fasziniert wirklich,MISC
Michel de Lutry,MISC
Mikhail Baryshnikov,PER
Miklos Bognar,PER
Mikos Bognar,PER
Militär,ORG
Millicent Hodson,LOC;PER
Mimos,PER
Minimal,STYL
Minkus,ORG;PER
Mirja Tervamaa,PER
Missionsspital,LOC
Mittel,DANC
Mittelfinger,LOC;MISC
Mittelschul-Filmclub,MISC
Mmh,LOC;PER
Modern-Tanztraining,MISC
Mondlandung,MISC
Monte Veritá,PER
Moskau,LOC
Mozart-Klavierkonzert,WORK
Mozart-Requiem,LOC
Mthatha,LOC
Mulhouse,LOC
Museum,DANC
Museum Zürich,LOC
Museum für Gestaltung,LOC
Musical,STYL
Musik,STYL
Musiktheater,STYL
Musiktheatern,ORG
Männersolo,DANC
Märchenhafte,MISC
Mäuserich,WORK
München,LOC
NACHHER,ORG
NATÜRLICH,MISC
NICHT,MISC;ORG
NONAM,ORG
NZZ,ORG
NZZ-Archiv,MISC
Nacktheit,BODY
Nairobi,LOC
Namibia,LOC
Napoleon,PER
Narration,DANC
Nase,BODY
Nasser See,LOC
Natacha Kelepovska,PER
Natalia Dudinskaya,PER
Natalia Makarowa,PER
Nationalballett,DANC
Nationalfonds,ORG
Naturhistorische Museum,LOC
Natürlichkeit,DANC
Naziregime,ORG
Nazis,ORG
Nein,LOC;PER
Nein! I,MISC
Nelson Mandela,PER
Neoklassik,STYL
Netz,JOUR
Neuenburg,LOC
Neujahr,MISC
Neumeiergetanzt,LOC
Neuproduktion,DANC
New York City,LOC
New York City Ballet,LOC
Nicholas Beriozoff,PER
Nicht-menschlichen,MISC
Niddy Impekoven,PER
Nie Rock n´ roll,MISC
Niels Björn Larsen,PER
Nikita Sergejewitsch Chruschtschow,PER
Nikita Sergejewitsch Cruschtschow,PER
Nikolais,LOC;PER
Nikolaus I.,PER
Nil,LOC
Nina Corti,PER
Nina Macciacchini,PER
Ninette de Valois,PER
Nora Güldenstein,PER
Nordamerika,LOC
Nordkap,LOC
Norma,MISC
Notation,PROC
Noten,DANC
Notiz,JOUR
Novellen,STYL
Nussknacker,WORK
Nyon,LOC
Nördlichen Kap,LOC
Nürensdorf,LOC
Obergericht,LOC
Oberkörper,BODY
Oberleiter,DANC
Objektivität,DANC
Ohad Naharin,PER
Ohren,BODY
Ohropax,MISC;ORG
Okay,MISC
Olivier Dubois,PER
Oper,STYL
Operette,STYL
Operetten-Darsteller,ORG
Operetteneinlage,MISC
Operneinlagen,MISC
Opernhaus,LOC
Opernhaus-Aufführungen,MISC
Opernprogramme,MISC
Oppenheim,PER
Opéra von Genf,ORG
Oral History,LOC;MISC
Orchester,STYL
Organ,BODY
Orlikowsky,ORG
Ostafrika,LOC
Ostdeutschland,ORG
Ostern,MISC
Ostersamstag,MISC
Otello,WORK
Othello,WORK
P,LOC;MISC;ORG;PER
P:,MISC;PER
P: Ich,MISC
P: Ich bin keine Tänzerin,MISC
P: Ich lese bei denen,MISC
P: Ich sage ja,MISC
P: Ja,MISC
PC,JOUR
PERFEKT,ORG
Palmyra,LOC
Pantomime,DANC
Paquita,LOC;MISC
Parenthese,LOC
Paris,LOC
Pariser,LOC
Pariser Oper,ORG
Parzival,WORK
Pas de Deux,DANC
Pas de Six,WORK
Pas de deux,DANC
Pat Neary,PER
Pathetische,MISC
Patrice Bart,PER
Paul Taylor,PER
Peer Gynt,WORK
Pellaton,PER
Pereira,LOC;PER
Performance,STYL
Permit,MISC
Pessimistische,ORG
Peter Schaufuss,PER
Peter Schilling,PER
Peter Wright,PER
Peter von Matt,PER
Petersburg,LOC
Petersburger,LOC
Petipa,PER
Petrograd,LOC
Pfauentheater,LOC;ORG
Pfrundhaus,LOC
Philippe Cohen,PER
Philippe Saire,PER
Phänomenal,MISC
Pia Mlakar,PER
Pianist,DANC
Pina Bausch,PER
Pina Pausch,PER
Pino Mlakar,PER
Pirouette,DANC
Plastik-Sichtmappen,LOC
Platel,MISC;PER
Platzierung,DANC
Politik,DANC
Polnisch,MISC
Pop,STYL
Portrait-Ordner,MISC
Porträt,JOUR
Postmoderne,STYL
Potifar,LOC
Prag,LOC
Premiere,DANC
Presse,JOUR
Pressedossier,JOUR
Pretoria,LOC
Prix Benois,MISC
Prix de Lausanne,MISC
Prix de Nyon,MISC
Pro Helvetia,ORG
Pro Helvetia Hefte,ORG
ProTanz,ORG
Probe,PROC
Probieren!,MISC
Produktion,DANC
Produktionsbedingungen,PROC
Programm,JOUR
Programmheft,DANC
Präsenz,DANC
Pseudo-Rekonstruktionen,MISC
Publikation,JOUR
Publikationsorgane,MISC
Publikum,DANC
Puppenfee,MISC
Quellen,JOUR
R/K,MISC
REISEN,MISC
RIESIGEN,ORG
Ragaz,LOC
Ratmanski,MISC;PER
Ratmansky,MISC;PER
"Ratmansky-""Schwanensee",WORK
Raumtheater,MISC
Rausch,DANC
Raymonda,WORK
Recherche,JOUR
Redaktion,JOUR
Redaktionsstelle,JOUR
Reformations Sinfonie,MISC
Reformkolonie,LOC
Regelmässigkeiten,MISC
Regina Christen,PER
Reich der Schatten,WORK
Reihentanz,STYL
Reine,LOC
Reitseile,MISC
Reklame,JOUR
Rekonstruktion,PROC
Religion,DANC
Renzo Piano,PER
Repertoire,DANC
Republik Kongo,LOC
Requiem,STYL
Ressort,JOUR
Ressource,PROC
Rezept,PROC
Rhein,LOC
Rhodesien,LOC
Rhythmik,DANC
Rhythmik-Seminar,MISC
Rhythmus,DANC
Riccardo Duse,PER
Richard Merz,PER
Richtungswechsel,DANC
Rigiblick,LOC
Robert Joffrey,PER
Rock,STYL
Rock the Ballet,ORG
Roger George,PER
Roger GeorgeNachlass,MISC
Rokoko-artig,MISC
Rolle,DANC
Rolleneinteilungen,MISC
Romane,STYL
Romantik,STYL
Romeo,MISC;PER
Rondal,LOC
Rosalia Chladek,PER
Rosenkavalier,WORK
Rot und Schwarz,MISC
Rote Fabrik,ORG
Roten Fabrik,ORG
Routine,PROC
Ruanda,LOC
Rudolf Nurejew,PER
Rudolf von Laban,PER
Russen,MISC
Russes-Tänzer,MISC
Russisch,MISC
Russland,LOC
Ruvina,LOC
Rämibühl,LOC
Rämisstrasse,MISC
Röden,LOC
Röthlisberger,ORG
Rücken,BODY
Rüdenplatz,LOC
SAFFA,ORG
SAPA,LOC;MISC;ORG
SBBS,LOC;ORG
SBTG,MISC;ORG
SCHREIBEN,JOUR
SEHR,MISC
SEIN Buch,MISC
SO,LOC;ORG
SONST,MISC
SPÄTER,ORG
STEHEN,MISC
Sacharoff-Stücke,LOC
Sacre,WORK
Sacre du Printemps,WORK
Safari,MISC
Saint-Léon,LOC;PER
Samarkand,LOC
Samson und Dalila,WORK
Samstag-Morgen,MISC
Sandra Warfield,PER
Sarah Jane,PER
Scala,LOC
Schaffhausen,LOC
Schatzalp,LOC
Schaupielhaus,LOC
Schauspiel,STYL
Schauspielhaus,LOC
Schockstarre,MISC
Scholz,LOC;PER
Schreiben,JOUR
Schreibrausch,JOUR
Schreibzustand,JOUR
Schriftstellerei,STYL
Schritt,DANC
Schule,PROC
Schulpräsentationen,PROC
Schwanensee,WORK
"Schwanensee""-Aufführung",WORK
"Schwanensee""-Lektionen",WORK
Schweden,LOC
Schweiz,LOC
Schweizer,MISC
Schweizer Nationalballett,ORG
Schweizer Tanzarchiv,ORG
Schweizer Theaterlexikon,MISC
Schweizer Theaterlexikongearbeitet,MISC
Schweizer Theatersammlungen,ORG
Schweizerische,MISC
Schweizerische Ballettberufsschule,ORG
Schweizerische Berufsverband für Tanz und Gymnastik,ORG
Schweizerische Frauenausstellung,ORG
Schweizerischen Bund,ORG
Schweizerischen Gesellschaft für Theaterkultur,ORG
Schweizerischen Tanzarchiv,ORG
Schweizerisches,MISC
Schweizern,LOC
Schwere,DANC
Schönes,MISC
Schütteltanz,STYL
Seerosen-,MISC
Sek,ORG
Selbstverlag,JOUR
Selbstverständnis,DANC
Serge Lifar,PER
Sergej Prokofiev,PER
Sesenheim,LOC
Short Pieces,WORK
Shortpieces,WORK
Show,DANC
Showtanz,STYL
SiViC,ORG
SiWiC,MISC
Sibirien,LOC
Sigurd Leeder,PER
Sigurd Leeder School of Dance,ORG
Simon Bauer,PER
Simone Aughterlony,PER
Singen,LOC
Singspiel,STYL
Sissi,WORK
Skating Rink,MISC
Skoronel,LOC
Soloabend,DANC
Soloabende,DANC
Solotänzer,DANC
Soloviëv,LOC
Solveig,WORK
Sophie Taeuber,PER
Sowjetzeit,ORG
Spannung,DANC
Spektakel,DANC
Spielplan,DANC
Spielzeit,DANC
Spirale,DANC
Spitzbergen,LOC
Spitze,BODY
Spitzenschuh,DANC
Spoerli,LOC;PER
Sprechtheater,DANC
Sprichst du von Bauer,MISC
Sprung,DANC
Spuck,MISC;PER
Spuck im Nacken,MISC
St. Cuthbert’s,LOC
St. Gallen,LOC
St. Petersburg,LOC
St. Petersburger Klassik,ORG
Stabilität,DANC
Stadelhofen,LOC
Stadt,LOC
Stadt Lausanne,LOC
Stadt Zürich,LOC
Stadthaus,LOC
Stadttheater,LOC
Statisterie,DANC
Stendal,LOC
Stenografie,JOUR
Stepanov,LOC;PER
Stepanov-Notation,LOC
Stepanov-Notationen,MISC
Stepanow-Notation,PROC
Stephanie Jordan,PER
Steps,ORG
Stichwort,JOUR
Stijn Celis,PER
Stil,DANC
Stile,STYL
Stimmung,DANC
Street-Tänzer,MISC
Streetdance,STYL
Stuttgart,LOC
Stuttgarter,MISC
Stuttgarter Balletttage,ORG
Stuttgarter Zeitung,ORG
Sudan,LOC
Susana,MISC;PER
Suzanne Perrottet,PER
Suédoise,MISC
Swanlake,WORK
Sylphide-Gewand,WORK
Sylphides,WORK
Sylvia Garcia,PER
Sylvie Guillem,PER
Symmetrie,DANC
Symposium,JOUR
Syrien,LOC
Szene,DANC
Sziget Massin,PER
Sänger,DANC
Sätze,JOUR
Südafrika,LOC
Südostanatolien,LOC
Südsudan,LOC
Südwestafrika,LOC
TONNENWEISE,ORG
TOTAL,ORG
Tag auf der Bühne,MISC
Tag des Tanzes,MISC
Tag essen,MISC
Tagi,ORG
Tanz,DANC
Tanz in Stücken,MISC
Tanz-November,MISC
TanzKRITIKER,JOUR
Tanzarchiv,LOC;ORG;PER
Tanzarchiv Lausanne,ORG
Tanzarchiv Zürich,ORG
Tanzarchivin Lausanne,ORG
Tanzauftritte,DANC
Tanzchef,DANC
Tanzchefs,LOC;ORG;PER
Tanzdrama,DANC
Tanzforum,LOC
Tanzfreundin,DANC
Tanzgedichte,DANC
Tanzgeschichte-Unterricht,MISC
Tanzjournalismus,DANC
Tanzkommission,DANC
Tanzkongress,MISC
Tanzkritiken,ORG
Tanzkritiker,JOUR
Tanzkritiker-Papst,MISC
Tanzkritikern,JOUR
Tanznetz,MISC
Tanznovember,MISC;PER
Tanzpreisträger,DANC
Tanzproben,PROC
Tanzschaffende,LOC;ORG
Tanzschaffenden,MISC;PER
Tanztheaterschule,LOC
Tanzvorstellungen,LOC
Tanzwissenschaft,DANC
Tatjana Gsovsky,PER
Technik,DANC
Tempo,DANC
Tendu,DANC
Terpis,LOC;MISC
Tessin,LOC
Text,JOUR
Thaddäus Kloster,LOC
The show must go on,WORK
The vertiginous Thrill of Exactitude,WORK
Thea Obenaus,PER
Theater,STYL
Theater 11,LOC
Theater St. Gallen,LOC
Theater Winterthur,LOC
Theater am Stadtgarten,LOC
Theaterballett,STYL
Theatergeschichte,JOUR
Theaterleiter,DANC
Theaterlexikon,JOUR
Theatertanz,STYL
Theatertanzschulen,LOC
Theatertänzer,MISC
Theaterwissenschaft,DANC
Thema,DANC
Theorie,DANC
Théâtre du Châtelet,LOC
Tierpärke,LOC
Tigran,MISC
Timing,DANC
Titel,WORK
Tollsten,MISC
Tom hast du,MISC
Tonhalle,LOC
Toni Areal,LOC
Toni-Areal,LOC
Toni-Areal Zürich,LOC
Tonkünstlerverband,MISC
Total schön,MISC
Tournee,DANC
Tourneetheater,DANC
Tradition,DANC
Training,PROC
Transkei,LOC
Traurig,MISC
Trennung,PROC
Triemli,LOC
Trix Gutekunst,ORG;PER
Trudi Schoop,PER
Tschaikowsky,PER
Tschaikowsky-Ballette,LOC
Tschechisch,MISC
Tschumi,LOC
Turicum,LOC
Tutu,DANC
Twyla Tharp,PER
Tänzerisch-schwungvolle,MISC
Tänzerleistungen,MISC
Tänzerpaar,MISC
Töchter-Schule,ORG
Tödi,LOC
Uetliberg,LOC
Uganda,LOC
Ulanowa,LOC
Uliza Rossi,PER
Ulla Kasics,PER
Ulm,LOC
Undine,MISC
Ungarisch,MISC
Uni Zürich,ORG
Universität,JOUR
Universität Zürich,ORG
Unterricht,PROC
Uraufführung,DANC
Urfa,LOC
Urgrossvater,MISC
Ursula Pellaton,PER
Ursulas,PER
Usbekistan,LOC
Uwe Scholz,PER
VERÖFFENTLICHTE,ORG
VHS,JOUR
VHS-Kassette,MISC
VIELE,ORG
VW Caravan,MISC
Valerie Preston-Dunlop,PER
Variation,DANC
Variation getanzt,PROC
Vashegyi,LOC
Vaslaw Nijinsky,PER
Venedig,LOC
Vera Skoronel,LOC
Verdi-Requiem,ORG
Verletzlichkeit,BODY
Vermittlung,DANC
Vermittlungsprogramme,MISC
Video,STYL
Videos,MISC
Vierertakt,MISC
Vierwaldstättersee,LOC
Vimeo,ORG
Vivandière,WORK
Vivandière-Pas de Six,WORK
Volksgesang,LOC
Volkskunst,STYL
Volksstanz-Bibliothek,MISC
Volkstanz,STYL
Vorstellung,DANC
Vortrag,JOUR
Véronique Doisneau,PER
W,LOC;PER
WIE,MISC
WIEDER,MISC
WIRKLICH,MISC
Wadi Halfa,LOC
Waganowa,LOC;PER
Waganowa-Akademie,LOC
Waganowa-Ausbildung,MISC
Waganowa-Methode,DANC
Walzer,STYL
Wandervogel,ORG
Warschau,LOC
Weihnacht,MISC
Weihnachten,MISC
Weihnachtsmärchen,STYL
Weihnachtszeit,MISC
Weil gerade im Tanz,MISC
Weimar,LOC
Weinöhl,LOC
Weisst Du,MISC
Weisst du,MISC
Welscher,MISC
Welscher Gruppe,ORG
Welschland,LOC
Weltgeist,DANC
Weltrum,ORG
Westend,LOC
Westend-Theater,MISC
Wiederholung,DANC
Wien,LOC
Wieso,LOC;PER
Wieso magst du den,MISC
Wikipedia,JOUR
Wikipedia-Einträge,MISC
Wild Coast,LOC
Wilhelm Tell,PER
William Forsythe,PER
Willst Du ausmachen?,MISC
Willst du,MISC
Willst du einen Schluck Wasser,MISC
Willy Godlevski,PER
Windhoek,LOC
Winterpalast,LOC
Winterreise,MISC
Winterthur,LOC
Winterthurer Zeitung,ORG
Wolfgang,LOC;ORG;PER
Wolfgang Amadeus Mozart,PER
Wolfgang Binder,PER
Wolfgang Brunner,PER
Wolfgang und Eve,MISC
Wollen,MISC
Woran,LOC
Wort,JOUR
Währendem,LOC
Würdest du,MISC
Yen Han,MISC
YouTube,JOUR
ZAUBERHAFTE,ORG
ZB,ORG
ZEIT,MISC
ZHDK,ORG
ZHdK,ORG
Zadie Mayer,PER
Zaire,LOC
Zarenkunst,DANC
Zauberflöte,MISC
Zeit,MISC
Zeit der Apartheid,MISC
Zeit der Sommerkurse,MISC
Zeit vom Beriozoff,ORG
Zeit von dem Neuen Tanz,MISC
Zeit von der Romantik,MISC
Zeitschrift,JOUR
Zeitung,JOUR
Zeitungsbusiness,JOUR
Zentralafrika,LOC
Zentraleuropäischer Tanz,STYL
Zentrum,ORG
ZhdK,MISC
Zimbabwe,LOC
Zoo,LOC
Zufall,DANC
Zululand,LOC
Zweifinger-System,JOUR
Zweite Reise,MISC
Zweiten Weltkrieg,MISC
Zweiten Weltkriegs,MISC
Zürcher,MISC
Zürcher Balletts,ORG
Zürcher Landboten,ORG
Zürcher Truppe,ORG
Züri West,ORG
Züri-Fest,LOC
Züriberg,LOC
Zürich,LOC
Zürichdeutschen Wörterbuch,MISC
Zürichsee Zeitung,ORG
Zürichsee-Zeitung,ORG
abstrakt,DANC
afrikanische,MISC
afrikanischen,MISC
afrikanisches,MISC
amerikanische,MISC
anglo-anglikanisches,MISC
arabische,MISC
authentisch,DANC
dem Krieg,MISC
der Schweiz,LOC
derSpoerli,ORG
derTAZ,ORG
deutsche,MISC
deutschen,MISC
deutscher,MISC
deutschsprachigen,MISC
die Beatles,ORG
disponieren,PROC
distanziert,PROC
dänische,MISC
einheitlich,DANC
englische,MISC
englischen,MISC
ersten Weltkrieg,MISC
europäische,MISC
farbig,DANC
finnischen,MISC
französische,MISC
französischen,MISC
gegenwärtig,DANC
historisch,DANC
inMünchen,MISC
innerlich,DANC
international,DANC
iranischen,MISC
islamischen,MISC
islamisches,MISC
jüdische,MISC
kommunistischer,MISC
konventionell,DANC
kopieren,DANC;JOUR
krank,BODY
lebendig,DANC
lernen,PROC
lieblich,DANC
luftig,DANC
modern,DANC
nationalsozialistischen,MISC
niederländischer,MISC
original,DANC
populär,DANC
raffiniert,DANC
russische,MISC
russischen,MISC
russischer,MISC
schottische,MISC
schweben,DANC
schwedische,MISC
spanische,MISC
spanischen,MISC
systematisieren,JOUR
theatralisch,DANC
tippen,JOUR
ungarischen,MISC
unprofessionell,DANC
unterricht,PROC
zweiten Weltkrieg,MISC
Ägypten,LOC
Étoiles,ORG
Österreich,LOC
ÜBERALL,ORG
Übergang,DANC
Überirdische,LOC
Überlieferung,DANC
Übung,PROC
Übung macht,PROC
Übungen sind,PROC
ägyptische,MISC
ästhetisch,DANC
​,LOC
‚Chladek,PER
